"Name","max_train_accuracy","fully_adjacent_last_layer","tree_depth","epoch"
"radiant-sweep-357","1","false","2","6"
"kind-sweep-976","1","false","2","7"
"azure-sweep-979","1","false","2","7"
"fanciful-sweep-762","1","false","2","7"
"helpful-sweep-1043","1","false","2","7"
"rare-sweep-80","1","false","2","7"
"robust-sweep-1219","1","false","2","8"
"lemon-sweep-438","1","false","2","8"
"playful-sweep-1180","1","false","2","8"
"snowy-sweep-609","1","false","2","8"
"stellar-sweep-1155","1","false","2","8"
"vocal-sweep-482","1","false","2","8"
"dainty-sweep-273","1","false","2","8"
"polar-sweep-506","1","false","2","9"
"chocolate-sweep-71","1","false","2","9"
"dainty-sweep-468","1","true","2","9"
"generous-sweep-126","1","false","2","9"
"fearless-sweep-120","1","false","2","9"
"good-sweep-369","1","false","2","9"
"sage-sweep-1016","1","false","2","9"
"lyric-sweep-873","1","false","2","9"
"skilled-sweep-1201","1","false","2","9"
"hardy-sweep-288","1","false","2","9"
"autumn-sweep-430","1","false","2","9"
"wild-sweep-645","1","false","2","9"
"rosy-sweep-171","1","false","2","9"
"crimson-sweep-1166","1","false","2","9"
"lilac-sweep-1213","1","false","2","10"
"glowing-sweep-1129","1","true","2","10"
"firm-sweep-878","1","false","2","10"
"generous-sweep-429","1","false","2","10"
"generous-sweep-415","1","false","2","10"
"sweet-sweep-1063","1","false","2","10"
"icy-sweep-582","1","false","2","10"
"winter-sweep-1032","1","false","2","10"
"fearless-sweep-199","1","false","2","10"
"leafy-sweep-456","1","false","2","10"
"lively-sweep-417","1","false","2","10"
"rosy-sweep-381","1","false","2","10"
"happy-sweep-1035","1","false","2","10"
"winter-sweep-18","1","false","2","10"
"glorious-sweep-848","1","false","2","10"
"fearless-sweep-49","1","false","2","10"
"woven-sweep-293","1","false","2","10"
"ethereal-sweep-1119","1","false","2","10"
"divine-sweep-181","1","false","2","10"
"fast-sweep-542","1","false","2","10"
"generous-sweep-406","1","false","2","10"
"icy-sweep-338","1","true","2","11"
"confused-sweep-1199","1","false","2","11"
"toasty-sweep-124","1","true","2","11"
"fearless-sweep-47","1","true","2","11"
"revived-sweep-63","1","false","2","11"
"wise-sweep-62","1","false","2","11"
"neat-sweep-320","1","true","2","11"
"giddy-sweep-902","1","true","2","11"
"misunderstood-sweep-408","1","true","2","11"
"summer-sweep-1170","1","false","2","11"
"elated-sweep-549","1","false","2","11"
"toasty-sweep-268","1","true","2","11"
"pretty-sweep-980","1","false","2","11"
"jolly-sweep-1099","1","false","2","11"
"dainty-sweep-943","1","true","2","11"
"sleek-sweep-925","1","false","2","11"
"classic-sweep-668","1","false","2","11"
"radiant-sweep-1182","1","false","2","12"
"comfy-sweep-847","1","false","2","12"
"easy-sweep-851","1","false","2","12"
"helpful-sweep-335","1","false","2","12"
"peachy-sweep-391","1","false","2","12"
"zany-sweep-228","1","true","2","12"
"icy-sweep-955","1","false","2","12"
"snowy-sweep-956","1","false","2","12"
"vague-sweep-551","1","false","2","12"
"curious-sweep-346","1","false","2","12"
"autumn-sweep-91","1","true","2","12"
"helpful-sweep-1067","1","false","2","13"
"dutiful-sweep-340","1","true","2","13"
"fearless-sweep-188","1","true","2","13"
"dauntless-sweep-217","1","true","2","13"
"neat-sweep-94","1","true","2","13"
"colorful-sweep-632","1","true","2","13"
"splendid-sweep-272","1","false","2","13"
"dauntless-sweep-775","1","false","2","13"
"polar-sweep-809","1","false","2","13"
"glowing-sweep-752","1","false","2","13"
"vivid-sweep-606","1","true","2","14"
"skilled-sweep-792","1","true","2","14"
"amber-sweep-991","1","false","2","14"
"sleek-sweep-794","1","false","2","14"
"deft-sweep-552","1","true","2","14"
"ethereal-sweep-682","1","true","2","14"
"distinctive-sweep-905","1","false","2","14"
"likely-sweep-556","1","false","2","14"
"denim-sweep-948","1","true","2","15"
"morning-sweep-1007","1","false","2","15"
"rose-sweep-585","1","true","2","15"
"hopeful-sweep-1036","1","true","2","15"
"curious-sweep-1197","1","true","2","15"
"sunny-sweep-722","1","true","2","15"
"sparkling-sweep-232","1","true","2","15"
"misunderstood-sweep-640","1","true","2","15"
"electric-sweep-323","1","false","2","16"
"peachy-sweep-205","1","true","2","16"
"stoic-sweep-970","1","true","2","16"
"fragrant-sweep-1079","1","true","2","16"
"robust-sweep-550","1","true","2","16"
"pretty-sweep-444","1","true","2","16"
"frosty-sweep-487","1","true","2","16"
"dauntless-sweep-738","1","true","2","16"
"magic-sweep-179","1","true","2","16"
"vocal-sweep-10","1","true","2","16"
"jumping-sweep-630","1","true","2","16"
"cerulean-sweep-303","1","false","2","16"
"atomic-sweep-1228","1","true","2","17"
"glorious-sweep-495","1","true","2","17"
"still-sweep-720","1","true","2","17"
"autumn-sweep-44","1","true","2","17"
"celestial-sweep-105","1","true","2","17"
"scarlet-sweep-156","1","true","2","17"
"jumping-sweep-904","1","true","2","17"
"effortless-sweep-540","1","true","2","17"
"effortless-sweep-101","1","true","2","17"
"rich-sweep-890","1","true","2","17"
"deep-sweep-994","1","true","2","17"
"azure-sweep-210","1","false","2","17"
"true-sweep-209","1","true","2","17"
"radiant-sweep-388","1","true","2","18"
"hardy-sweep-764","1","true","2","18"
"resilient-sweep-111","1","true","2","18"
"clean-sweep-190","1","true","2","18"
"legendary-sweep-758","1","true","2","18"
"stoic-sweep-1008","1","true","2","18"
"young-sweep-520","1","true","2","18"
"driven-sweep-1206","1","true","2","18"
"atomic-sweep-901","1","true","2","19"
"silver-sweep-781","1","true","2","19"
"distinctive-sweep-1130","1","true","2","19"
"distinctive-sweep-1122","1","true","2","19"
"summer-sweep-1110","1","true","2","19"
"blooming-sweep-590","1","true","2","19"
"exalted-sweep-483","1","true","2","20"
"efficient-sweep-110","1","true","2","20"
"glad-sweep-238","1","true","2","20"
"ethereal-sweep-15","1","true","2","20"
"prime-sweep-767","1","true","2","20"
"fragrant-sweep-977","1","true","2","20"
"twilight-sweep-499","1","true","2","21"
"hearty-sweep-699","1","true","2","21"
"drawn-sweep-42","1","true","2","21"
"elated-sweep-814","1","true","2","21"
"dazzling-sweep-750","1","false","2","22"
"wandering-sweep-832","1","true","2","22"
"swift-sweep-515","1","true","2","22"
"pretty-sweep-608","1","false","2","23"
"cerulean-sweep-332","1","false","2","23"
"earnest-sweep-1082","1","true","2","23"
"hopeful-sweep-547","1","true","2","23"
"vivid-sweep-176","1","false","2","23"
"misunderstood-sweep-243","1","true","2","24"
"playful-sweep-496","1","false","2","24"
"dry-sweep-670","1","false","2","24"
"soft-sweep-512","1","false","2","24"
"amber-sweep-651","1","true","2","24"
"chocolate-sweep-647","1","true","2","24"
"quiet-sweep-1116","1","true","2","24"
"crimson-sweep-785","1","false","2","24"
"good-sweep-885","1","false","2","24"
"worthy-sweep-510","1","false","2","25"
"fanciful-sweep-476","1","true","2","25"
"fine-sweep-565","1","false","2","25"
"bumbling-sweep-301","1","false","2","25"
"deft-sweep-151","1","false","2","26"
"ruby-sweep-519","1","true","2","26"
"northern-sweep-233","1","true","2","26"
"copper-sweep-81","1","true","2","26"
"flowing-sweep-1031","1","false","2","26"
"solar-sweep-815","1","false","2","27"
"dandy-sweep-1212","1","true","2","27"
"happy-sweep-234","1","false","2","27"
"stellar-sweep-160","1","false","2","27"
"drawn-sweep-240","1","false","2","27"
"lunar-sweep-48","1","false","2","27"
"good-sweep-102","1","true","2","28"
"likely-sweep-717","1","false","2","28"
"rose-sweep-812","1","false","2","28"
"sweepy-sweep-1108","1","false","2","28"
"astral-sweep-1034","1","false","2","28"
"noble-sweep-695","1","false","2","28"
"dauntless-sweep-883","1","false","2","28"
"youthful-sweep-1146","1","false","2","29"
"honest-sweep-178","1","false","2","29"
"neat-sweep-1089","1","false","2","29"
"celestial-sweep-982","1","false","2","29"
"cerulean-sweep-919","1","false","2","29"
"sweet-sweep-428","1","false","2","29"
"devout-sweep-93","1","true","2","29"
"magic-sweep-730","1","false","2","29"
"astral-sweep-995","1","false","2","29"
"rare-sweep-356","1","false","2","29"
"atomic-sweep-974","1","false","2","29"
"logical-sweep-167","1","false","2","29"
"giddy-sweep-614","1","false","2","29"
"whole-sweep-680","1","false","2","30"
"absurd-sweep-990","1","false","2","30"
"earthy-sweep-754","1","false","2","30"
"polar-sweep-1141","1","true","2","30"
"apricot-sweep-1127","1","false","2","30"
"valiant-sweep-1167","1","true","2","30"
"wobbly-sweep-464","1","false","2","30"
"ruby-sweep-453","1","false","2","30"
"noble-sweep-541","1","true","2","30"
"wobbly-sweep-667","1","false","2","30"
"clean-sweep-533","1","true","2","31"
"fanciful-sweep-940","1","true","2","31"
"proud-sweep-54","1","false","2","31"
"whole-sweep-780","1","true","2","31"
"divine-sweep-978","1","true","2","31"
"scarlet-sweep-73","1","true","2","31"
"different-sweep-491","1","true","2","31"
"floral-sweep-158","1","false","2","31"
"glorious-sweep-180","1","true","2","31"
"lemon-sweep-241","1","true","2","31"
"valiant-sweep-756","1","true","2","32"
"fragrant-sweep-941","1","false","2","32"
"decent-sweep-23","1","false","2","32"
"sandy-sweep-999","1","false","2","32"
"scarlet-sweep-371","1","true","2","33"
"easy-sweep-88","1","true","2","33"
"astral-sweep-1196","1","true","2","33"
"ruby-sweep-679","1","false","2","33"
"glad-sweep-1005","1","true","2","33"
"skilled-sweep-1046","1","true","2","33"
"divine-sweep-769","1","true","2","33"
"super-sweep-829","1","false","2","33"
"wild-sweep-1144","1","true","2","33"
"azure-sweep-1083","1","true","2","34"
"stellar-sweep-287","1","true","2","34"
"breezy-sweep-736","1","false","2","34"
"vague-sweep-783","1","true","2","34"
"fanciful-sweep-314","1","false","2","34"
"eager-sweep-649","1","false","2","34"
"spring-sweep-280","1","false","2","34"
"cool-sweep-98","1","false","2","34"
"easy-sweep-433","1","false","2","34"
"fine-sweep-345","1","false","2","34"
"fine-sweep-454","1","false","2","34"
"astral-sweep-1051","1","false","2","34"
"deep-sweep-1208","1","false","2","35"
"drawn-sweep-958","1","true","2","35"
"winter-sweep-818","1","false","2","35"
"dauntless-sweep-223","1","true","2","35"
"crisp-sweep-460","1","true","2","35"
"sleek-sweep-261","1","false","2","35"
"balmy-sweep-1225","1","true","2","35"
"dainty-sweep-1000","1","true","2","35"
"stellar-sweep-214","1","true","2","35"
"dazzling-sweep-739","1","false","2","35"
"feasible-sweep-870","1","true","2","35"
"visionary-sweep-1057","1","false","2","35"
"bright-sweep-913","1","false","2","35"
"helpful-sweep-1152","1","true","2","35"
"misunderstood-sweep-595","1","false","2","35"
"unique-sweep-696","1","true","2","35"
"chocolate-sweep-727","1","false","2","35"
"expert-sweep-2","1","true","2","36"
"dauntless-sweep-244","1","true","2","36"
"glorious-sweep-936","1","false","2","37"
"iconic-sweep-676","1","true","2","37"
"charmed-sweep-372","1","true","2","37"
"glowing-sweep-32","1","false","2","37"
"dutiful-sweep-601","1","true","2","37"
"devoted-sweep-397","1","false","2","37"
"usual-sweep-319","1","true","2","37"
"zesty-sweep-920","1","false","2","37"
"whole-sweep-400","1","false","2","37"
"misty-sweep-322","1","false","2","37"
"dashing-sweep-1001","1","false","2","38"
"daily-sweep-712","1","true","2","38"
"expert-sweep-1086","1","true","2","38"
"happy-sweep-1138","1","false","2","39"
"fanciful-sweep-1098","1","true","2","39"
"earnest-sweep-930","1","true","2","40"
"distinctive-sweep-880","1","false","2","40"
"ethereal-sweep-145","1","false","2","41"
"cerulean-sweep-714","1","true","2","41"
"hardy-sweep-136","1","true","2","42"
"fearless-sweep-130","1","false","2","42"
"glorious-sweep-819","1","true","2","43"
"rosy-sweep-348","1","true","2","43"
"breezy-sweep-822","1","false","2","43"
"earthy-sweep-743","1","true","2","43"
"apricot-sweep-663","1","true","2","44"
"bright-sweep-681","1","true","2","46"
"hardy-sweep-1143","1","true","2","48"
"comfy-sweep-484","1","true","2","48"
"fresh-sweep-626","1","true","2","48"
"dutiful-sweep-326","1","false","2","48"
"fine-sweep-618","1","true","2","49"
"sweet-sweep-604","1","true","2","49"
"zany-sweep-686","1","true","2","50"
"still-sweep-434","1","true","2","52"
"autumn-sweep-239","1","true","2","52"
"atomic-sweep-76","1","true","2","52"
"dulcet-sweep-78","1","true","2","54"
"lucky-sweep-611","1","true","2","54"
"devout-sweep-259","1","true","2","55"
"true-sweep-134","1","true","2","56"
"rural-sweep-215","1","true","2","58"
"lilac-sweep-952","1","true","2","58"
"graceful-sweep-207","1","true","2","59"
"rosy-sweep-328","1","true","2","60"
"ruby-sweep-65","1","true","2","60"
"comfy-sweep-910","1","true","2","71"
"deep-sweep-295","1","true","2","71"
"lucky-sweep-1097","1","false","3","75"
"amber-sweep-616","1","true","2","87"
"royal-sweep-1055","1","false","3","89"
"sage-sweep-197","1","false","3","104"
"leafy-sweep-486","1","false","3","106"
"deft-sweep-1030","1","false","3","121"
"peachy-sweep-149","1","false","3","123"
"vibrant-sweep-887","1","false","3","124"
"morning-sweep-567","1","false","3","126"
"frosty-sweep-379","1","false","3","133"
"fanciful-sweep-856","1","false","3","133"
"pretty-sweep-942","1","false","3","140"
"silvery-sweep-373","1","true","3","143"
"apricot-sweep-711","1","false","3","148"
"vibrant-sweep-782","1","true","3","153"
"sweepy-sweep-866","1","false","3","156"
"faithful-sweep-127","1","false","3","161"
"fanciful-sweep-561","1","false","3","169"
"good-sweep-530","1","true","3","173"
"breezy-sweep-459","1","false","3","176"
"colorful-sweep-690","1","false","3","177"
"lucky-sweep-343","1","false","3","178"
"sleek-sweep-174","1","false","3","181"
"volcanic-sweep-154","1","false","3","183"
"polar-sweep-669","1","false","3","188"
"flowing-sweep-909","1","false","3","192"
"pretty-sweep-685","1","false","3","195"
"golden-sweep-1074","1","false","3","195"
"vivid-sweep-407","1","true","3","198"
"kind-sweep-296","1","false","3","199"
"feasible-sweep-75","1","true","3","204"
"fast-sweep-231","1","false","3","206"
"worthy-sweep-1181","1","false","3","220"
"vocal-sweep-889","1","false","3","226"
"spring-sweep-104","1","false","3","226"
"cerulean-sweep-164","1","true","3","232"
"royal-sweep-694","1","false","3","235"
"valiant-sweep-507","1","false","3","241"
"lyric-sweep-84","1","false","3","245"
"giddy-sweep-336","1","false","3","251"
"jolly-sweep-617","1","false","3","258"
"fiery-sweep-1002","1","false","3","278"
"deep-sweep-253","1","false","3","284"
"expert-sweep-1","1","false","3","349"
"radiant-sweep-500","1","false","3","358"
"pretty-sweep-168","1","false","3","572"
"jumping-sweep-349","0.99996875","false","3","178"
"kind-sweep-21","0.99996875","false","3","194"
"woven-sweep-557","0.99996875","false","3","229"
"ethereal-sweep-262","0.99996875","false","3","233"
"decent-sweep-334","0.99996875","false","3","371"
"worthy-sweep-29","0.99996875","false","3","439"
"bumbling-sweep-734","0.99996875","false","3","471"
"atomic-sweep-172","0.99996875","false","3","577"
"snowy-sweep-997","0.9999375","false","3","144"
"stellar-sweep-1134","0.9999375","false","3","144"
"still-sweep-100","0.9999375","false","3","155"
"peachy-sweep-1113","0.9999375","false","3","236"
"flowing-sweep-508","0.9999375","true","3","239"
"proud-sweep-316","0.9999375","false","3","244"
"azure-sweep-875","0.99990625","false","3","226"
"sweepy-sweep-366","0.99990625","false","3","203"
"quiet-sweep-593","0.9998125","false","3","313"
"snowy-sweep-1147","0.99978125","true","3","303"
"vague-sweep-683","0.99984375","false","3","328"
"wise-sweep-553","0.999875","false","3","556"
"crimson-sweep-59","0.99978125","false","3","691"
"faithful-sweep-1118","0.99965625","false","3","357"
"comfy-sweep-471","0.99975","false","3","704"
"still-sweep-463","0.99971875","false","3","430"
"ethereal-sweep-1085","0.99984375","false","3","505"
"balmy-sweep-378","0.9996875","false","3","742"
"vocal-sweep-759","0.99971875","false","3","257"
"fine-sweep-13","0.99953125","false","3","550"
"vital-sweep-631","0.9993125","false","3","348"
"radiant-sweep-38","0.9991875","false","3","757"
"devoted-sweep-748","0.99928125","false","3","955"
"fancy-sweep-1112","0.99928125","false","3","199"
"exalted-sweep-235","0.99903125","false","3","188"
"ethereal-sweep-257","0.99909375","false","3","663"
"cosmic-sweep-302","0.99896875","false","3","1112"
"sunny-sweep-589","0.998875","false","3","777"
"fiery-sweep-778","0.999","false","3","1246"
"flowing-sweep-475","0.9985625","false","3","276"
"ethereal-sweep-361","0.9984375","false","3","299"
"swept-sweep-441","0.99959375","false","3","232"
"different-sweep-653","0.99821875","false","3","1035"
"robust-sweep-532","0.9994375","false","3","244"
"fearless-sweep-143","0.9974375","false","3","279"
"major-sweep-324","0.9974375","false","3","808"
"sweet-sweep-195","0.9975625","false","3","708"
"eager-sweep-1071","0.99721875","false","3","837"
"dandy-sweep-795","0.997125","false","3","240"
"distinctive-sweep-384","0.99725","false","3","860"
"crimson-sweep-967","0.9974375","false","3","219"
"exalted-sweep-660","0.99709375","false","3","330"
"playful-sweep-770","0.9969375","false","3","928"
"generous-sweep-203","0.9975","false","3","203"
"smart-sweep-380","0.99671875","false","3","908"
"worthy-sweep-31","0.996875","false","3","357"
"solar-sweep-586","0.9961875","true","3","450"
"eternal-sweep-410","0.99690625","false","3","1136"
"electric-sweep-194","0.99571875","true","3","644"
"rural-sweep-87","0.99540625","false","3","647"
"lilac-sweep-142","0.995625","false","3","210"
"clean-sweep-1132","0.99503125","false","3","249"
"distinctive-sweep-236","0.99471875","true","3","1256"
"grateful-sweep-570","0.9945","false","3","1008"
"stilted-sweep-12","0.99428125","false","3","941"
"happy-sweep-691","0.994875","false","3","913"
"curious-sweep-719","0.9944375","false","3","1021"
"major-sweep-528","0.99353125","false","3","1276"
"northern-sweep-765","0.99334375","false","3","674"
"rose-sweep-1013","0.9924375","false","3","913"
"summer-sweep-472","0.991625","false","3","572"
"worthy-sweep-83","0.99365625","false","3","793"
"fanciful-sweep-945","0.997125","false","3","165"
"stilted-sweep-173","0.99365625","false","3","335"
"polar-sweep-703","0.9914375","false","3","913"
"different-sweep-900","0.99065625","true","3","1394"
"silvery-sweep-409","0.99009375","false","3","962"
"expert-sweep-650","0.98959375","false","3","678"
"sleek-sweep-988","0.999625","false","3","214"
"bumbling-sweep-269","0.98803125","false","3","1152"
"vocal-sweep-627","0.98759375","false","3","934"
"skilled-sweep-43","0.99196875","true","3","349"
"elated-sweep-544","0.99853125","false","3","180"
"fearless-sweep-666","0.99584375","false","3","191"
"young-sweep-481","0.9845","false","3","843"
"colorful-sweep-289","0.98353125","true","3","1081"
"swept-sweep-344","0.98296875","true","3","905"
"stoic-sweep-352","0.9823125","false","3","1090"
"sunny-sweep-248","0.98334375","false","3","862"
"frosty-sweep-969","0.9818125","false","3","1089"
"grateful-sweep-639","0.98175","true","3","439"
"earthy-sweep-1053","0.981375","false","3","845"
"balmy-sweep-641","0.97953125","false","3","1083"
"super-sweep-401","0.98815625","false","3","154"
"mild-sweep-568","0.991375","false","3","209"
"dandy-sweep-1003","0.97715625","false","3","842"
"rosy-sweep-465","0.97403125","false","3","1240"
"faithful-sweep-96","0.9738125","false","3","385"
"hearty-sweep-861","0.97203125","false","3","1515"
"smooth-sweep-359","0.972125","true","3","1469"
"robust-sweep-1049","0.9716875","true","3","504"
"amber-sweep-390","0.96803125","true","3","1171"
"stellar-sweep-810","0.96984375","true","3","987"
"honest-sweep-36","0.96725","false","3","622"
"swept-sweep-529","0.96340625","false","3","789"
"cosmic-sweep-516","0.998875","true","3","306"
"clear-sweep-313","0.99584375","false","3","326"
"legendary-sweep-462","0.9738125","true","3","265"
"lyric-sweep-835","0.99940625","false","3","182"
"wise-sweep-931","0.95509375","true","3","460"
"jumping-sweep-4","0.95503125","true","3","172"
"helpful-sweep-227","0.9459375","true","3","1682"
"electric-sweep-395","0.9985","true","3","227"
"young-sweep-446","0.94165625","true","3","3056"
"desert-sweep-283","0.946875","true","3","213"
"dutiful-sweep-1052","0.99565625","true","3","230"
"silvery-sweep-189","0.96971875","true","3","204"
"neat-sweep-413","0.92346875","true","3","1743"
"splendid-sweep-1011","0.92075","true","3","1108"
"dry-sweep-710","0.92134375","true","3","1156"
"copper-sweep-572","0.92534375","false","3","158"
"revived-sweep-58","0.9161875","false","3","1373"
"youthful-sweep-258","0.994625","true","3","228"
"pious-sweep-879","0.9738125","true","3","244"
"lilac-sweep-137","0.93759375","true","3","241"
"generous-sweep-419","0.90403125","true","3","209"
"rural-sweep-934","0.8903125","false","3","755"
"leafy-sweep-753","0.97665625","true","3","224"
"neat-sweep-661","0.8881875","false","3","319"
"azure-sweep-416","0.88853125","false","3","999"
"peach-sweep-1015","0.88603125","false","3","357"
"breezy-sweep-984","0.885875","false","3","621"
"rural-sweep-562","0.8865","false","3","876"
"cerulean-sweep-79","0.8859375","false","3","514"
"mild-sweep-426","0.9754375","true","3","211"
"pleasant-sweep-898","0.88471875","false","3","538"
"polished-sweep-95","0.88440625","false","3","517"
"glowing-sweep-801","0.88396875","false","3","625"
"super-sweep-457","0.883875","false","3","636"
"super-sweep-816","0.88409375","false","3","456"
"ethereal-sweep-1174","0.98440625","true","3","237"
"vibrant-sweep-478","0.88528125","false","3","159"
"usual-sweep-1076","0.8805","false","3","656"
"peach-sweep-656","0.88003125","false","3","446"
"balmy-sweep-1080","0.878625","false","3","697"
"rural-sweep-17","0.878375","true","3","433"
"jolly-sweep-837","0.87759375","false","3","699"
"comic-sweep-664","0.90609375","false","3","141"
"unique-sweep-598","0.87140625","false","3","156"
"fresh-sweep-825","0.87965625","false","3","125"
"major-sweep-155","0.8730625","true","3","174"
"worldly-sweep-869","0.9","false","3","203"
"bumbling-sweep-784","0.86396875","true","3","681"
"prime-sweep-267","0.89725","false","3","205"
"playful-sweep-92","0.8616875","true","3","2116"
"sage-sweep-689","0.8615","true","3","2278"
"woven-sweep-615","0.99371875","true","3","189"
"ethereal-sweep-597","0.98809375","false","3","201"
"glowing-sweep-11","0.83940625","false","3","361"
"crisp-sweep-383","0.84096875","true","3","204"
"usual-sweep-132","0.98721875","true","3","201"
"wandering-sweep-451","0.9091875","false","3","134"
"comic-sweep-959","0.8195","true","3","1200"
"blooming-sweep-803","0.96646875","true","3","299"
"gentle-sweep-1106","0.99290625","false","3","223"
"kind-sweep-798","0.87665625","false","3","216"
"earnest-sweep-281","0.7983125","false","3","117"
"devoted-sweep-275","0.82125","true","3","152"
"rural-sweep-435","0.76153125","false","3","675"
"sweet-sweep-888","0.73109375","true","3","377"
"charmed-sweep-25","0.72178125","true","3","1567"
"true-sweep-461","0.72496875","true","3","261"
"worldly-sweep-191","0.74584375","true","3","102"
"usual-sweep-716","0.98353125","true","3","193"
"zesty-sweep-772","0.6996875","true","3","237"
"warm-sweep-581","0.65534375","false","4","690"
"absurd-sweep-1094","0.68078125","true","3","109"
"hearty-sweep-16","0.652625","true","3","766"
"atomic-sweep-596","0.6558125","true","3","385"
"jolly-sweep-729","0.6563125","true","3","160"
"rose-sweep-1185","0.6825625","true","3","138"
"frosty-sweep-865","0.6380625","true","3","109"
"confused-sweep-494","0.63453125","false","4","876"
"dandy-sweep-82","0.63203125","true","3","95"
"fallen-sweep-1041","0.611125","false","4","473"
"trim-sweep-524","0.6099375","false","4","805"
"proud-sweep-709","0.6080625","false","4","686"
"firm-sweep-857","0.66075","true","3","177"
"lyric-sweep-989","0.9860625","true","3","355"
"tough-sweep-368","0.6139375","true","3","128"
"laced-sweep-504","0.5731875","false","4","522"
"playful-sweep-420","0.5899375","true","3","149"
"smooth-sweep-387","0.56340625","false","4","512"
"smart-sweep-768","0.56071875","false","4","644"
"apricot-sweep-107","0.60125","true","3","118"
"giddy-sweep-903","0.5776875","true","3","156"
"radiant-sweep-351","0.5311875","false","4","746"
"sweepy-sweep-374","0.55440625","true","3","113"
"young-sweep-308","0.5314375","true","3","109"
"elated-sweep-386","0.54934375","true","3","114"
"ethereal-sweep-693","0.52040625","false","4","869"
"jolly-sweep-537","0.519625","false","4","421"
"vital-sweep-652","0.5178125","false","4","744"
"vague-sweep-412","0.51353125","false","4","685"
"jumping-sweep-688","0.59959375","true","3","164"
"cool-sweep-437","0.50825","false","4","521"
"divine-sweep-643","0.5068125","false","4","642"
"morning-sweep-131","0.4995625","false","4","508"
"olive-sweep-307","0.6506875","true","3","159"
"chocolate-sweep-594","0.495375","false","4","1064"
"balmy-sweep-539","0.4901875","false","4","685"
"lunar-sweep-718","0.48671875","false","4","674"
"pretty-sweep-342","0.481375","false","4","571"
"sleek-sweep-264","0.47675","false","4","648"
"pious-sweep-363","0.47634375","false","4","692"
"wobbly-sweep-1028","0.47384375","false","4","492"
"generous-sweep-225","0.47021875","false","4","570"
"decent-sweep-603","0.4696875","true","3","291"
"winter-sweep-1084","0.48228125","true","3","142"
"comfy-sweep-144","0.4578125","false","4","859"
"logical-sweep-951","0.4556875","false","4","437"
"graceful-sweep-28","0.45340625","false","4","677"
"zesty-sweep-260","0.452625","false","4","701"
"golden-sweep-251","0.4465","false","4","645"
"silvery-sweep-624","0.44375","false","4","599"
"robust-sweep-254","0.44453125","false","4","1068"
"misty-sweep-358","0.43721875","false","4","871"
"ethereal-sweep-177","0.4348125","false","4","564"
"major-sweep-521","0.43153125","false","4","475"
"splendid-sweep-405","0.4316875","false","4","588"
"azure-sweep-310","0.424625","false","4","552"
"radiant-sweep-86","0.4230625","false","4","557"
"warm-sweep-823","0.4171875","false","4","856"
"peach-sweep-392","0.416625","false","4","574"
"revived-sweep-163","0.4128125","false","4","629"
"elated-sweep-646","0.41075","false","4","335"
"bumbling-sweep-304","0.40990625","false","4","561"
"fragrant-sweep-918","0.402625","false","4","433"
"electric-sweep-893","0.399125","false","4","483"
"feasible-sweep-286","0.39803125","false","4","432"
"valiant-sweep-518","0.3969375","false","4","773"
"lively-sweep-907","0.38496875","false","4","702"
"lemon-sweep-584","0.38421875","false","4","459"
"super-sweep-877","0.3790625","false","4","498"
"rural-sweep-882","0.37675","false","4","565"
"bumbling-sweep-108","0.36321875","false","4","491"
"polished-sweep-339","0.3631875","false","4","793"
"fresh-sweep-620","0.3579375","false","4","611"
"hearty-sweep-707","0.35615625","false","4","443"
"effortless-sweep-834","0.352375","false","4","357"
"vivid-sweep-282","0.34790625","false","4","599"
"lemon-sweep-749","0.34196875","false","4","386"
"fragrant-sweep-331","0.3341875","false","4","505"
"fresh-sweep-14","0.33215625","false","4","603"
"devoted-sweep-724","0.3269375","false","4","576"
"noble-sweep-365","0.32175","false","4","588"
"fine-sweep-975","0.31653125","false","4","505"
"bright-sweep-833","0.31471875","false","4","647"
"brisk-sweep-9","0.313","false","4","468"
"neat-sweep-421","0.3124375","false","4","572"
"chocolate-sweep-957","0.3095","false","4","487"
"eager-sweep-1048","0.30278125","false","4","409"
"lemon-sweep-849","0.2925625","false","4","560"
"splendid-sweep-74","0.280625","false","4","694"
"dashing-sweep-573","0.2806875","false","4","615"
"glad-sweep-1012","0.27465625","false","4","405"
"curious-sweep-505","0.26803125","false","4","690"
"magic-sweep-563","0.26603125","false","4","635"
"winter-sweep-932","0.2551875","false","4","578"
"charmed-sweep-347","0.2581875","true","3","56"
"happy-sweep-193","0.2363125","false","4","919"
"resilient-sweep-591","0.23328125","false","4","655"
"pleasant-sweep-315","0.89071875","false","3","214"
"worthy-sweep-298","0.2175","false","4","576"
"stilted-sweep-662","0.22171875","true","3","98"
"sleek-sweep-891","0.21478125","false","4","353"
"graceful-sweep-858","0.19071875","false","4","596"
"sparkling-sweep-309","0.19125","false","4","852"
"legendary-sweep-672","0.205875","true","3","122"
"gallant-sweep-247","0.17671875","true","3","71"
"young-sweep-129","0.17621875","true","3","69"
"dashing-sweep-558","0.1711875","false","4","600"
"olive-sweep-436","0.17115625","true","3","91"
"bright-sweep-184","0.17265625","true","3","73"
"peach-sweep-53","0.17640625","true","3","83"
"wandering-sweep-299","0.17134375","true","3","100"
"eager-sweep-1009","0.17259375","true","3","84"
"azure-sweep-708","0.1699375","true","3","65"
"sweepy-sweep-576","0.16653125","true","4","296"
"fearless-sweep-839","0.1744375","true","3","105"
"resilient-sweep-440","0.171875","true","3","97"
"efficient-sweep-133","0.1645625","true","4","304"
"easy-sweep-443","0.17034375","true","3","64"
"proud-sweep-292","0.163375","true","4","335"
"worthy-sweep-1004","0.163125","true","4","293"
"swept-sweep-19","0.163125","true","4","317"
"fluent-sweep-671","0.16296875","true","4","309"
"rural-sweep-968","0.16315625","true","4","344"
"honest-sweep-701","0.162375","true","4","359"
"laced-sweep-245","0.16240625","true","4","270"
"zesty-sweep-169","0.161875","true","4","236"
"valiant-sweep-874","0.16471875","true","3","110"
"warm-sweep-230","0.16175","true","4","309"
"royal-sweep-327","0.16203125","true","4","310"
"divine-sweep-439","0.1625625","true","3","111"
"whole-sweep-201","0.161375","true","4","308"
"devoted-sweep-827","0.1614375","true","4","283"
"electric-sweep-742","0.161","true","4","297"
"dark-sweep-26","0.16090625","true","4","298"
"feasible-sweep-115","0.160375","true","4","318"
"morning-sweep-538","0.16015625","true","4","329"
"worthy-sweep-906","0.1603125","true","4","331"
"splendid-sweep-846","0.15984375","true","4","279"
"soft-sweep-536","0.15959375","true","4","286"
"dark-sweep-202","0.1596875","true","4","256"
"swift-sweep-929","0.159375","true","4","293"
"kind-sweep-480","0.1595625","true","4","298"
"likely-sweep-789","0.15934375","true","4","290"
"flowing-sweep-403","0.1594375","true","4","281"
"smart-sweep-953","0.1591875","true","4","321"
"tough-sweep-312","0.1598125","true","4","282"
"vital-sweep-654","0.1584375","true","4","313"
"fancy-sweep-249","0.15834375","true","4","286"
"cosmic-sweep-285","0.15846875","true","4","326"
"happy-sweep-300","0.15878125","true","4","292"
"soft-sweep-114","0.15853125","true","4","238"
"jolly-sweep-1006","0.16875","true","3","117"
"stilted-sweep-981","0.15746875","true","4","244"
"misunderstood-sweep-946","0.15728125","true","4","277"
"eternal-sweep-354","0.1574375","true","4","209"
"solar-sweep-72","0.1696875","true","3","85"
"glad-sweep-973","0.15715625","true","4","332"
"radiant-sweep-424","0.1705625","true","3","51"
"valiant-sweep-1091","0.156","true","4","266"
"swift-sweep-1010","0.1560625","true","4","388"
"spring-sweep-183","0.177125","true","3","68"
"elated-sweep-1078","0.17209375","true","3","95"
"smooth-sweep-121","0.15553125","true","4","268"
"good-sweep-675","0.155","true","4","265"
"iconic-sweep-70","0.15484375","true","4","276"
"electric-sweep-150","0.15359375","true","4","262"
"northern-sweep-896","0.1725","true","3","64"
"fanciful-sweep-1021","0.15325","true","4","331"
"volcanic-sweep-99","0.15334375","true","4","271"
"stilted-sweep-737","0.15303125","true","4","201"
"quiet-sweep-527","0.15265625","true","4","289"
"pretty-sweep-623","0.15296875","true","4","268"
"misty-sweep-277","0.15234375","true","4","264"
"still-sweep-935","0.15271875","true","4","259"
"denim-sweep-921","0.152375","true","4","266"
"sparkling-sweep-364","0.1520625","true","4","351"
"graceful-sweep-535","0.186125","true","3","95"
"solar-sweep-263","0.1626875","true","3","81"
"charmed-sweep-1102","0.15025","true","4","251"
"silvery-sweep-393","0.1708125","true","3","75"
"restful-sweep-509","0.14996875","true","4","271"
"ethereal-sweep-513","0.149625","true","4","237"
"serene-sweep-470","0.1495","true","4","249"
"true-sweep-791","0.1698125","true","3","67"
"fresh-sweep-60","0.17746875","true","3","94"
"royal-sweep-1064","0.15446875","true","3","46"
"worldly-sweep-1188","0.1700625","true","3","70"
"scarlet-sweep-117","0.166","true","3","74"
"major-sweep-297","0.14678125","true","4","211"
"smart-sweep-634","0.1614375","true","3","68"
"genial-sweep-317","0.17278125","true","3","75"
"misunderstood-sweep-473","0.14625","true","4","174"
"splendid-sweep-1176","0.1715","true","3","64"
"skilled-sweep-894","0.14375","true","4","297"
"earthy-sweep-897","0.15478125","true","3","62"
"eager-sweep-799","0.14584375","true","3","71"
"major-sweep-97","0.14240625","true","4","267"
"iconic-sweep-218","0.14275","false","3","39"
"deft-sweep-566","0.16240625","true","3","60"
"apricot-sweep-448","0.1714375","true","3","99"
"drawn-sweep-776","0.163875","true","3","64"
"gentle-sweep-492","0.17565625","true","3","87"
"scarlet-sweep-1162","0.16353125","true","3","55"
"misty-sweep-985","0.1616875","true","3","56"
"twilight-sweep-971","0.16321875","true","3","72"
"lyric-sweep-674","0.1635625","true","3","111"
"radiant-sweep-766","0.155125","true","3","62"
"deep-sweep-723","0.15703125","true","3","86"
"devout-sweep-511","0.13909375","false","5","409"
"glorious-sweep-868","0.15684375","true","3","61"
"honest-sweep-638","0.13846875","true","4","289"
"decent-sweep-747","0.18540625","true","3","70"
"young-sweep-490","0.1648125","true","3","54"
"decent-sweep-1092","0.157625","true","3","67"
"exalted-sweep-1151","0.14075","true","4","138"
"treasured-sweep-1087","0.16959375","true","3","81"
"dulcet-sweep-998","0.13578125","true","4","318"
"flowing-sweep-1159","0.13815625","true","3","23"
"rich-sweep-394","0.13434375","true","4","284"
"astral-sweep-600","0.1339375","true","4","320"
"autumn-sweep-1060","0.13453125","true","4","128"
"faithful-sweep-147","0.13271875","true","5","363"
"glad-sweep-876","0.13228125","true","4","264"
"cerulean-sweep-5","0.1319375","true","4","341"
"lemon-sweep-447","0.13221875","true","4","283"
"decent-sweep-353","0.131375","true","4","320"
"hearty-sweep-226","0.13125","true","4","250"
"classic-sweep-305","0.130375","true","4","256"
"cool-sweep-899","0.13025","true","4","298"
"helpful-sweep-777","0.1301875","true","4","264"
"sweepy-sweep-761","0.12990625","true","5","308"
"atomic-sweep-659","0.1304375","false","4","354"
"gallant-sweep-50","0.12959375","true","5","353"
"sweepy-sweep-863","0.12940625","true","4","295"
"misunderstood-sweep-610","0.12909375","true","4","403"
"faithful-sweep-555","0.1289375","true","5","344"
"glad-sweep-138","0.12890625","true","4","281"
"misty-sweep-325","0.12853125","true","4","311"
"smooth-sweep-1040","0.12859375","true","4","267"
"glamorous-sweep-8","0.12853125","true","4","315"
"upbeat-sweep-89","0.1296875","true","4","216"
"chocolate-sweep-431","0.12784375","true","4","263"
"prime-sweep-771","0.129375","true","3","21"
"lilac-sweep-622","0.12709375","true","5","341"
"firm-sweep-871","0.12684375","true","4","328"
"stilted-sweep-588","0.12728125","true","4","263"
"soft-sweep-57","0.12684375","true","4","220"
"iconic-sweep-964","0.12628125","true","4","250"
"vital-sweep-1111","0.1264375","true","4","217"
"driven-sweep-479","0.12575","true","4","223"
"dutiful-sweep-774","0.1255625","true","4","290"
"whole-sweep-166","0.12571875","true","4","238"
"clear-sweep-418","0.12521875","true","4","217"
"comic-sweep-700","0.1254375","true","4","273"
"major-sweep-265","0.12525","true","5","289"
"classic-sweep-884","0.12653125","true","4","183"
"still-sweep-583","0.12521875","true","4","232"
"rural-sweep-613","0.12471875","true","5","304"
"happy-sweep-813","0.1245625","true","4","254"
"dauntless-sweep-39","0.1244375","true","4","250"
"floral-sweep-458","0.12428125","true","5","317"
"daily-sweep-1044","0.123875","true","4","233"
"gentle-sweep-840","0.12453125","true","4","104"
"restful-sweep-735","0.12390625","true","4","256"
"true-sweep-523","0.1236875","true","5","343"
"confused-sweep-318","0.1233125","true","4","274"
"smart-sweep-187","0.122875","true","5","291"
"sunny-sweep-644","0.12484375","true","4","228"
"swept-sweep-811","0.122625","true","4","221"
"fine-sweep-45","0.12359375","true","4","208"
"ruby-sweep-329","0.1225","true","4","190"
"breezy-sweep-337","0.12259375","true","4","285"
"glad-sweep-20","0.12221875","true","4","299"
"elated-sweep-221","0.12225","true","4","193"
"usual-sweep-853","0.1220625","true","5","357"
"chocolate-sweep-705","0.122375","true","5","306"
"sunny-sweep-895","0.12284375","true","4","239"
"celestial-sweep-425","0.12146875","true","4","293"
"giddy-sweep-961","0.12109375","true","5","277"
"lemon-sweep-200","0.12103125","false","5","339"
"fragrant-sweep-1088","0.12084375","true","4","204"
"chocolate-sweep-633","0.1209375","true","5","387"
"worldly-sweep-947","0.12134375","true","4","194"
"morning-sweep-284","0.1208125","false","5","471"
"logical-sweep-35","0.120625","true","4","206"
"vital-sweep-442","0.12059375","true","4","223"
"soft-sweep-157","0.12078125","true","4","205"
"glamorous-sweep-534","0.1205","true","4","265"
"royal-sweep-673","0.1204375","true","5","373"
"ethereal-sweep-1121","0.12034375","true","4","256"
"gentle-sweep-817","0.12028125","true","5","224"
"sandy-sweep-779","0.1200625","true","4","291"
"fallen-sweep-706","0.12009375","true","4","230"
"glamorous-sweep-605","0.1200625","true","4","229"
"honest-sweep-912","0.119875","true","4","175"
"comfy-sweep-697","0.11975","false","5","440"
"unique-sweep-1026","0.11934375","true","4","255"
"wise-sweep-859","0.11978125","true","4","240"
"firm-sweep-745","0.11953125","true","4","188"
"glamorous-sweep-198","0.11878125","true","4","206"
"azure-sweep-422","0.1186875","true","4","258"
"sunny-sweep-821","0.118625","true","5","273"
"hardy-sweep-116","0.11846875","true","5","298"
"dulcet-sweep-103","0.1186875","true","5","302"
"wandering-sweep-621","0.1186875","true","5","270"
"cerulean-sweep-855","0.117625","false","5","345"
"efficient-sweep-836","0.11784375","true","5","320"
"cerulean-sweep-678","0.11775","true","5","238"
"fluent-sweep-950","0.1181875","true","4","196"
"skilled-sweep-66","0.11878125","true","4","169"
"glad-sweep-1081","0.1169375","true","4","229"
"rose-sweep-531","0.11678125","true","5","339"
"helpful-sweep-355","0.11646875","true","5","267"
"fluent-sweep-266","0.11659375","true","5","254"
"upbeat-sweep-826","0.11653125","true","5","280"
"different-sweep-926","0.116375","true","5","274"
"stilted-sweep-77","0.1169375","true","4","165"
"worldly-sweep-119","0.11471875","true","5","284"
"northern-sweep-788","0.114875","true","5","279"
"vibrant-sweep-206","0.11415625","true","5","328"
"pretty-sweep-862","0.11403125","true","4","251"
"earthy-sweep-432","0.11421875","true","5","273"
"whole-sweep-698","0.11459375","true","5","167"
"glad-sweep-85","0.1120625","true","5","364"
"legendary-sweep-350","0.112125","true","4","206"
"wild-sweep-445","0.1115625","true","5","259"
"silver-sweep-1125","0.11228125","true","4","164"
"magic-sweep-1047","0.1115625","true","4","191"
"swift-sweep-291","0.11225","true","5","211"
"crisp-sweep-423","0.11096875","true","5","327"
"stellar-sweep-548","0.11315625","true","4","203"
"hopeful-sweep-580","0.11128125","false","5","277"
"graceful-sweep-692","0.1101875","false","5","341"
"easy-sweep-522","0.10928125","true","5","205"
"vague-sweep-68","0.1091875","true","4","139"
"different-sweep-402","0.10909375","false","4","78"
"restful-sweep-987","0.1080625","true","5","231"
"stilted-sweep-802","0.1085625","true","4","75"
"soft-sweep-411","0.10775","true","4","191"
"twilight-sweep-525","0.108375","true","5","168"
"absurd-sweep-805","0.10765625","true","5","182"
"warm-sweep-455","0.1059375","true","5","183"
"devoted-sweep-213","0.1104375","true","5","184"
"genial-sweep-360","0.1045625","true","4","202"
"fancy-sweep-841","0.10603125","true","5","176"
"whole-sweep-370","0.105","true","5","156"
"apricot-sweep-886","0.1038125","true","5","165"
"blooming-sweep-148","0.1035625","true","5","177"
"comic-sweep-333","0.10403125","true","5","176"
"woven-sweep-474","0.1045","true","4","48"
"northern-sweep-992","0.10921875","true","5","162"
"honest-sweep-61","0.104","true","5","179"
"northern-sweep-881","0.10215625","true","5","167"
"dutiful-sweep-27","0.10078125","true","5","149"
"zany-sweep-917","0.10265625","true","5","143"
"sweepy-sweep-196","0.10009375","false","5","330"
"splendid-sweep-106","0.09975","true","5","165"
"earthy-sweep-182","0.10909375","true","4","70"
"glorious-sweep-22","0.10015625","true","5","138"
"deep-sweep-1039","0.10434375","true","5","142"
"drawn-sweep-7","0.09921875","true","5","173"
"apricot-sweep-123","0.09865625","false","4","314"
"hopeful-sweep-864","0.097625","false","5","226"
"curious-sweep-787","0.09684375","true","5","373"
"driven-sweep-46","0.10315625","true","5","165"
"wandering-sweep-204","0.0985","true","5","160"
"bumbling-sweep-1093","0.1001875","true","5","128"
"dainty-sweep-109","0.095625","true","5","304"
"rare-sweep-414","0.09625","true","5","129"
"hardy-sweep-212","0.09434375","true","5","139"
"worldly-sweep-648","0.09390625","true","5","356"
"northern-sweep-398","0.09915625","true","5","145"
"frosty-sweep-938","0.10121875","true","5","174"
"zesty-sweep-33","0.0915625","true","5","283"
"rural-sweep-55","0.09196875","true","5","317"
"stellar-sweep-1018","0.0914375","true","5","269"
"soft-sweep-6","0.1023125","true","5","178"
"generous-sweep-944","0.0909375","true","5","291"
"apricot-sweep-276","0.091875","true","5","150"
"ethereal-sweep-599","0.090875","true","5","293"
"warm-sweep-90","0.09025","true","5","144"
"worldly-sweep-619","0.0919375","true","5","237"
"young-sweep-725","0.09015625","true","5","294"
"magic-sweep-367","0.0905","true","5","231"
"electric-sweep-850","0.08971875","true","5","308"
"blooming-sweep-128","0.08959375","true","5","309"
"smart-sweep-773","0.088875","true","5","336"
"stoic-sweep-389","0.0880625","true","5","247"
"visionary-sweep-69","0.0879375","true","5","313"
"super-sweep-341","0.08775","false","4","248"
"distinctive-sweep-625","0.08803125","true","5","209"
"wise-sweep-763","0.08778125","true","5","260"
"robust-sweep-211","0.09028125","true","5","235"
"fresh-sweep-1025","0.09015625","true","5","174"
"fast-sweep-175","0.0875","true","5","258"
"pious-sweep-933","0.0923125","true","5","145"
"wobbly-sweep-755","0.087","true","5","256"
"sunny-sweep-514","0.0870625","true","5","292"
"lemon-sweep-927","0.0868125","true","5","201"
"crisp-sweep-152","0.088","true","5","211"
"smooth-sweep-376","0.08596875","true","5","242"
"bright-sweep-924","0.0876875","true","5","201"
"glad-sweep-571","0.085875","true","5","325"
"expert-sweep-427","0.08659375","true","5","255"
"drawn-sweep-687","0.08534375","true","5","275"
"copper-sweep-224","0.0904375","true","5","134"
"usual-sweep-321","0.08478125","true","5","233"
"sunny-sweep-629","0.08434375","true","5","260"
"wobbly-sweep-170","0.086375","true","5","225"
"toasty-sweep-732","0.08459375","true","5","305"
"charmed-sweep-159","0.08409375","true","5","215"
"earnest-sweep-937","0.0841875","true","5","249"
"major-sweep-1059","0.0859375","true","5","110"
"happy-sweep-450","0.08496875","true","5","188"
"smart-sweep-140","0.084625","true","5","205"
"vibrant-sweep-3","0.0838125","true","5","194"
"ancient-sweep-741","0.086125","true","5","183"
"grateful-sweep-162","0.08496875","true","5","187"
"glad-sweep-838","0.08471875","true","5","209"
"deft-sweep-311","0.08546875","true","5","189"
"drawn-sweep-1038","0.08571875","true","5","226"
"firm-sweep-715","0.08471875","true","5","218"
"jumping-sweep-677","0.08321875","true","5","281"
"amber-sweep-222","0.08303125","true","5","180"
"skilled-sweep-733","0.08253125","true","5","240"
"dandy-sweep-824","0.08203125","true","5","184"
"classic-sweep-831","0.08334375","true","5","194"
"dashing-sweep-385","0.08153125","true","5","179"
"cerulean-sweep-399","0.0824375","true","5","189"
"blooming-sweep-655","0.08259375","true","5","169"
"golden-sweep-113","0.08059375","true","5","242"
"charmed-sweep-1061","0.08184375","true","5","183"
"sweet-sweep-139","0.085375","true","5","123"
"rural-sweep-485","0.0785625","true","5","115"
"volcanic-sweep-219","0.08165625","true","5","157"
"fanciful-sweep-804","0.08140625","true","5","204"
"bright-sweep-220","0.080875","false","5","271"
"volcanic-sweep-153","0.08025","true","5","151"
"tough-sweep-467","0.08021875","false","5","300"
"magic-sweep-916","0.07671875","false","4","168"
"graceful-sweep-466","0.07803125","true","5","151"
"snowy-sweep-252","0.0780625","true","5","119"
"fragrant-sweep-796","0.07671875","true","5","148"
"wandering-sweep-740","0.07596875","true","5","147"
"silvery-sweep-1020","0.07534375","false","4","173"
"fearless-sweep-657","0.07509375","false","4","155"
"colorful-sweep-517","0.07790625","true","5","183"
"major-sweep-807","0.075375","false","4","125"
"warm-sweep-911","0.07546875","true","5","125"
"vague-sweep-602","0.07453125","false","4","151"
"worldly-sweep-256","0.0761875","false","5","236"
"unique-sweep-587","0.074125","false","4","65"
"earnest-sweep-185","0.07434375","false","4","132"
"brisk-sweep-1073","0.073875","false","4","161"
"young-sweep-1070","0.0735625","false","4","103"
"sparkling-sweep-760","0.07365625","true","5","128"
"atomic-sweep-141","0.0733125","false","4","82"
"hearty-sweep-51","0.07390625","false","4","125"
"hardy-sweep-1066","0.073125","false","4","94"
"expert-sweep-1019","0.0729375","false","4","215"
"revived-sweep-892","0.0736875","true","5","242"
"glorious-sweep-250","0.07678125","false","5","253"
"volcanic-sweep-658","0.07309375","false","4","131"
"neat-sweep-1150","0.07278125","false","4","102"
"divine-sweep-469","0.07265625","false","4","131"
"spring-sweep-914","0.0726875","false","4","96"
